Name;Folder;Description;Icon;Panel;Domain;Hostname;Protocol;PuttySession;Port;ConnectToConsole;UseCredSsp;RenderingEngine;ICAEncryptionStrength;RDPAuthenticationLevel;LoadBalanceInfo;Colors;Resolution;AutomaticResize;DisplayWallpaper;DisplayThemes;EnableFontSmoothing;EnableDesktopComposition;CacheBitmaps;RedirectDiskDrives;RedirectPorts;RedirectPrinters;RedirectSmartCards;RedirectSound;RedirectKeys;PreExtApp;PostExtApp;MacAddress;UserField;ExtApp;VNCCompression;VNCEncoding;VNCAuthMode;VNCProxyType;VNCProxyIP;VNCProxyPort;VNCProxyUsername;VNCProxyPassword;VNCColors;VNCSmartSizeMode;VNCViewOnly;RDGatewayUsageMethod;RDGatewayHostname;RDGatewayUseConnectionCredentials;RDGatewayUsername;RDGatewayPassword;RDGatewayDomain;InheritCacheBitmaps;InheritColors;InheritDescription;InheritDisplayThemes;InheritDisplayWallpaper;InheritEnableFontSmoothing;InheritEnableDesktopComposition;InheritDomain;InheritIcon;InheritPanel;InheritPassword;InheritPort;InheritProtocol;InheritPuttySession;InheritRedirectDiskDrives;InheritRedirectKeys;InheritRedirectPorts;InheritRedirectPrinters;InheritRedirectSmartCards;InheritRedirectSound;InheritResolution;InheritAutomaticResize;InheritUseConsoleSession;InheritUseCredSsp;InheritRenderingEngine;InheritUsername;InheritICAEncryptionStrength;InheritRDPAuthenticationLevel;InheritLoadBalanceInfo;InheritPreExtApp;InheritPostExtApp;InheritMacAddress;InheritUserField;InheritExtApp;InheritVNCCompression;InheritVNCEncoding;InheritVNCAuthMode;InheritVNCProxyType;InheritVNCProxyIP;InheritVNCProxyPort;InheritVNCProxyUsername;InheritVNCProxyPassword;InheritVNCColors;InheritVNCSmartSizeMode;InheritVNCViewOnly;InheritRDGatewayUsageMethod;InheritRDGatewayHostname;InheritRDGatewayUseConnectionCredentials;InheritRDGatewayUsername;InheritRDGatewayPassword;InheritRDGatewayDomain
ITECLIENTSYS _JC;Connections;;Remote Desktop;Centrify;ITECLIENTSYS;itejcwvcntapp01.iteclientsys.local;RDP;Default Settings;3389;False;True;IE;EncrBasic;NoAuth;;Colors16Bit;FitToWindow;True;False;False;False;False;True;False;False;False;False;DoNotPlay;False;;;;;;CompNone;EncHextile;AuthVNC;ProxyNone;;0;;;ColNormal;SmartSAspect;False;True;True;True;True;True;True;True;False;True;True;False;True;True;True;True;True;True;True;True;True;True;False;True;False;True;False;True;True;False;True;True;True;True;True;True;True;True;True;True;True;True;True;True;True;True
PROD-AM;Connections;;Remote Desktop;Centrify;PROD-AM;prdctwvtsadas01.prod-am.ameritrade.com;RDP;Default Settings;3389;False;True;IE;EncrBasic;NoAuth;;Colors16Bit;FitToWindow;True;False;False;False;False;True;False;False;False;False;DoNotPlay;False;;;;;;CompNone;EncHextile;AuthVNC;ProxyNone;;0;;;ColNormal;SmartSAspect;False;True;True;True;True;True;True;True;False;True;True;False;True;True;True;True;True;True;True;True;True;True;False;True;False;True;False;True;True;False;True;True;True;True;True;True;True;True;True;True;True;True;True;True;True;True
CLIENTSYS;Connections;;Remote Desktop;Centrify;clientsys;prdctwvtsadcs01.clientsys.local;RDP;Default Settings;3389;False;True;IE;EncrBasic;NoAuth;;Colors16Bit;FitToWindow;True;False;False;False;False;True;False;False;False;False;DoNotPlay;False;;;;;;CompNone;EncHextile;AuthVNC;ProxyNone;;0;;;ColNormal;SmartSAspect;False;True;True;True;True;True;True;True;False;True;True;False;True;True;True;True;True;True;True;True;True;True;False;True;False;True;False;True;True;False;True;True;True;True;True;True;True;True;True;True;True;True;True;True;True;True
ITECLIENTSYS _CT;Connections;;Remote Desktop;Centrify;ITECLIENTSYS;npectwvtsadcs01.iteclientsys.local;RDP;Default Settings;3389;False;True;IE;EncrBasic;NoAuth;;Colors16Bit;FitToWindow;True;False;False;False;False;True;False;False;False;False;DoNotPlay;False;;;;;;CompNone;EncHextile;AuthVNC;ProxyNone;;0;;;ColNormal;SmartSAspect;False;True;True;True;True;True;True;True;False;True;True;False;True;True;True;True;True;True;True;True;True;True;False;True;False;True;False;True;True;False;True;True;True;True;True;True;True;True;True;True;True;True;True;True;True;True
New Connection;Connections;;mRemoteNG;General;;;RDP;Default Settings;3389;False;True;IE;EncrBasic;NoAuth;;Colors16Bit;FitToWindow;True;False;False;False;False;True;False;False;False;False;DoNotPlay;False;;;;;;CompNone;EncHextile;AuthVNC;ProxyNone;;0;;;ColNormal;SmartSAspect;False;False;False;False;False;False;False;False;False;False;False;False;False;False;False;False;False;False;False;False;False;False;False;False;False;False;False;False;False;False;False;False;False;False;False;False;False;False;False;False;False;False;False;False;False;False
prdctlsgwcf01.clientsys.local;Connections;;Linux;putty;;prdctlsgwcf01.clientsys.local;SSH2;Default Settings;22;False;True;IE;EncrBasic;NoAuth;;Colors16Bit;FitToWindow;True;False;False;False;False;True;False;False;False;False;DoNotPlay;False;;;;;;CompNone;EncHextile;AuthVNC;ProxyNone;;0;;;ColNormal;SmartSAspect;False;False;False;False;False;False;False;False;False;False;False;False;False;False;False;False;False;False;False;False;False;False;False;False;False;False;False;False;False;False;False;False;False;False;False;False;False;False;False;False;False;False;False;False;False;False
prdctlsgwaf01.associatesys.local;Connections;;Linux;putty;;prdctlsgwaf01.associatesys.local;SSH2;Default Settings;22;False;True;IE;EncrBasic;NoAuth;;Colors16Bit;FitToWindow;True;False;False;False;False;True;False;False;False;False;DoNotPlay;False;;;;;;CompNone;EncHextile;AuthVNC;ProxyNone;;0;;;ColNormal;SmartSAspect;False;False;False;False;False;False;False;False;False;False;False;False;False;False;False;False;False;False;False;False;False;False;False;False;False;False;False;False;False;False;False;False;False;False;False;False;False;False;False;False;False;False;False;False;False;False
prdjclsgwcf01.clientsys.local;Connections;;Linux;putty;;prdjclsgwcf01.clientsys.local;SSH2;Default Settings;22;False;True;IE;EncrBasic;NoAuth;;Colors16Bit;FitToWindow;True;False;False;False;False;True;False;False;False;False;DoNotPlay;False;;;;;;CompNone;EncHextile;AuthVNC;ProxyNone;;0;;;ColNormal;SmartSAspect;False;False;False;False;False;False;False;False;False;False;False;False;False;False;False;False;False;False;False;False;False;False;False;False;False;False;False;False;False;False;False;False;False;False;False;False;False;False;False;False;False;False;False;False;False;False
prdjclsgwaf01.associatesys.local;Connections;;Linux;putty;;prdjclsgwaf01.associatesys.local;SSH2;Default Settings;22;False;True;IE;EncrBasic;NoAuth;;Colors16Bit;FitToWindow;True;False;False;False;False;True;False;False;False;False;DoNotPlay;False;;;;;;CompNone;EncHextile;AuthVNC;ProxyNone;;0;;;ColNormal;SmartSAspect;False;False;False;False;False;False;False;False;False;False;False;False;False;False;False;False;False;False;False;False;False;False;False;False;False;False;False;False;False;False;False;False;False;False;False;False;False;False;False;False;False;False;False;False;False;False
prdctlsgwcf01.clientsys.local;Connections;;Linux;putty;;prdctlsgwcf01.clientsys.local;SSH2;Default Settings;22;False;True;IE;EncrBasic;NoAuth;;Colors16Bit;FitToWindow;True;False;False;False;False;True;False;False;False;False;DoNotPlay;False;;;;;;CompNone;EncHextile;AuthVNC;ProxyNone;;0;;;ColNormal;SmartSAspect;False;False;False;False;False;False;False;False;False;False;False;False;False;False;False;False;False;False;False;False;False;False;False;False;False;False;False;False;False;False;False;False;False;False;False;False;False;False;False;False;False;False;False;False;False;False
prdctlsgwcf01.clientsys.local;Connections;;Linux;putty;;prdctlsgwcf01.clientsys.local;SSH2;Default Settings;22;False;True;IE;EncrBasic;NoAuth;;Colors16Bit;FitToWindow;True;False;False;False;False;True;False;False;False;False;DoNotPlay;False;;;;;;CompNone;EncHextile;AuthVNC;ProxyNone;;0;;;ColNormal;SmartSAspect;False;False;False;False;False;False;False;False;False;False;False;False;False;False;False;False;False;False;False;False;False;False;False;False;False;False;False;False;False;False;False;False;False;False;False;False;False;False;False;False;False;False;False;False;False;False
prdjclsgwaf01.associatesys.local;Connections;;Linux;putty;;prdjclsgwaf01.associatesys.local;SSH2;Default Settings;22;False;True;IE;EncrBasic;NoAuth;;Colors16Bit;FitToWindow;True;False;False;False;False;True;False;False;False;False;DoNotPlay;False;;;;;;CompNone;EncHextile;AuthVNC;ProxyNone;;0;;;ColNormal;SmartSAspect;False;False;False;False;False;False;False;False;False;False;False;False;False;False;False;False;False;False;False;False;False;False;False;False;False;False;False;False;False;False;False;False;False;False;False;False;False;False;False;False;False;False;False;False;False;False
prdjclsgwaf01.associatesys.local;Connections;;Linux;putty;;prdjclsgwaf01.associatesys.local;SSH2;Default Settings;22;False;True;IE;EncrBasic;NoAuth;;Colors16Bit;FitToWindow;True;False;False;False;False;True;False;False;False;False;DoNotPlay;False;;;;;;CompNone;EncHextile;AuthVNC;ProxyNone;;0;;;ColNormal;SmartSAspect;False;False;False;False;False;False;False;False;False;False;False;False;False;False;False;False;False;False;False;False;False;False;False;False;False;False;False;False;False;False;False;False;False;False;False;False;False;False;False;False;False;False;False;False;False;False
prdctlsgwcf01.clientsys.local;Connections;;Linux;putty;;prdctlsgwcf01.clientsys.local;SSH2;Default Settings;22;False;True;IE;EncrBasic;NoAuth;;Colors16Bit;FitToWindow;True;False;False;False;False;True;False;False;False;False;DoNotPlay;False;;;;;;CompNone;EncHextile;AuthVNC;ProxyNone;;0;;;ColNormal;SmartSAspect;False;False;False;False;False;False;False;False;False;False;False;False;False;False;False;False;False;False;False;False;False;False;False;False;False;False;False;False;False;False;False;False;False;False;False;False;False;False;False;False;False;False;False;False;False;False
prdctlsgwaf01.associatesys.local;Connections;;Linux;putty;;prdctlsgwaf01.associatesys.local;SSH2;Default Settings;22;False;True;IE;EncrBasic;NoAuth;;Colors16Bit;FitToWindow;True;False;False;False;False;True;False;False;False;False;DoNotPlay;False;;;;;;CompNone;EncHextile;AuthVNC;ProxyNone;;0;;;ColNormal;SmartSAspect;False;False;False;False;False;False;False;False;False;False;False;False;False;False;False;False;False;False;False;False;False;False;False;False;False;False;False;False;False;False;False;False;False;False;False;False;False;False;False;False;False;False;False;False;False;False
ulsegw-ct-1.associatesys.local;Connections;;Linux;putty;;ulsegw-ct-1.associatesys.local;SSH2;Default Settings;22;False;True;IE;EncrBasic;NoAuth;;Colors16Bit;FitToWindow;True;False;False;False;False;True;False;False;False;False;DoNotPlay;False;;;;;;CompNone;EncHextile;AuthVNC;ProxyNone;;0;;;ColNormal;SmartSAspect;False;False;False;False;False;False;False;False;False;False;False;False;False;False;False;False;False;False;False;False;False;False;False;False;False;False;False;False;False;False;False;False;False;False;False;False;False;False;False;False;False;False;False;False;False;False
ulsegw-tx-2.associatesys.local;Connections;;Linux;putty;;prdtxlvulsegw02.associatesys.local;SSH2;Default Settings;22;False;True;IE;EncrBasic;NoAuth;;Colors16Bit;FitToWindow;True;False;False;False;False;True;False;False;False;False;DoNotPlay;False;;;;;;CompNone;EncHextile;AuthVNC;ProxyNone;;0;;;ColNormal;SmartSAspect;False;False;False;False;False;False;False;False;False;False;False;False;False;False;False;False;False;False;False;False;False;False;False;False;False;False;False;False;False;False;False;False;False;False;False;False;False;False;False;False;False;False;False;False;False;False
ulsegw-tx-2.associatesys.local;Connections;;Linux;putty;;prdtxlvulsegw02.associatesys.local;SSH2;Default Settings;22;False;True;IE;EncrBasic;NoAuth;;Colors16Bit;FitToWindow;True;False;False;False;False;True;False;False;False;False;DoNotPlay;False;;;;;;CompNone;EncHextile;AuthVNC;ProxyNone;;0;;;ColNormal;SmartSAspect;False;False;False;False;False;False;False;False;False;False;False;False;False;False;False;False;False;False;False;False;False;False;False;False;False;False;False;False;False;False;False;False;False;False;False;False;False;False;False;False;False;False;False;False;False;False
ulsegw-tx-1.associatesys.local;Connections;;Linux;putty;;prdtxlvulsegw01.associatesys.local;SSH2;Default Settings;22;False;True;IE;EncrBasic;NoAuth;;Colors16Bit;FitToWindow;True;False;False;False;False;True;False;False;False;False;DoNotPlay;False;;;;;;CompNone;EncHextile;AuthVNC;ProxyNone;;0;;;ColNormal;SmartSAspect;False;False;False;False;False;False;False;False;False;False;False;False;False;False;False;False;False;False;False;False;False;False;False;False;False;False;False;False;False;False;False;False;False;False;False;False;False;False;False;False;False;False;False;False;False;False
ulsegw-jc-1.associatesys.local;Connections;;Linux;putty;;ulsegw-jc-1.associatesys.local;SSH2;Default Settings;22;False;True;IE;EncrBasic;NoAuth;;Colors16Bit;FitToWindow;True;False;False;False;False;True;False;False;False;False;DoNotPlay;False;;;;;;CompNone;EncHextile;AuthVNC;ProxyNone;;0;;;ColNormal;SmartSAspect;False;False;False;False;False;False;False;False;False;False;False;False;False;False;False;False;False;False;False;False;False;False;False;False;False;False;False;False;False;False;False;False;False;False;False;False;False;False;False;False;False;False;False;False;False;False
ulsegw-jc-2.associatesys.local;Connections;;Linux;putty;;ulsegw-jc-2.associatesys.local;SSH2;Default Settings;22;False;True;IE;EncrBasic;NoAuth;;Colors16Bit;FitToWindow;True;False;False;False;False;True;False;False;False;False;DoNotPlay;False;;;;;;CompNone;EncHextile;AuthVNC;ProxyNone;;0;;;ColNormal;SmartSAspect;False;False;False;False;False;False;False;False;False;False;False;False;False;False;False;False;False;False;False;False;False;False;False;False;False;False;False;False;False;False;False;False;False;False;False;False;False;False;False;False;False;False;False;False;False;False
ulsegw-jc-2.associatesys.local;Connections;;Linux;putty;;ulsegw-jc-2.associatesys.local;SSH2;Default Settings;22;False;True;IE;EncrBasic;NoAuth;;Colors16Bit;FitToWindow;True;False;False;False;False;True;False;False;False;False;DoNotPlay;False;;;;;;CompNone;EncHextile;AuthVNC;ProxyNone;;0;;;ColNormal;SmartSAspect;False;False;False;False;False;False;False;False;False;False;False;False;False;False;False;False;False;False;False;False;False;False;False;False;False;False;False;False;False;False;False;False;False;False;False;False;False;False;False;False;False;False;False;False;False;False
ulsegw-ct-2.associatesys.local;Connections;;Linux;putty;;ulsegw-ct-2.associatesys.local;SSH2;Default Settings;22;False;True;IE;EncrBasic;NoAuth;;Colors16Bit;FitToWindow;True;False;False;False;False;True;False;False;False;False;DoNotPlay;False;;;;;;CompNone;EncHextile;AuthVNC;ProxyNone;;0;;;ColNormal;SmartSAspect;False;False;False;False;False;False;False;False;False;False;False;False;False;False;False;False;False;False;False;False;False;False;False;False;False;False;False;False;False;False;False;False;False;False;False;False;False;False;False;False;False;False;False;False;False;False
ulsegw-ct-1.associatesys.local;Connections;;Linux;putty;;ulsegw-ct-1.associatesys.local;SSH2;Default Settings;22;False;True;IE;EncrBasic;NoAuth;;Colors16Bit;FitToWindow;True;False;False;False;False;True;False;False;False;False;DoNotPlay;False;;;;;;CompNone;EncHextile;AuthVNC;ProxyNone;;0;;;ColNormal;SmartSAspect;False;False;False;False;False;False;False;False;False;False;False;False;False;False;False;False;False;False;False;False;False;False;False;False;False;False;False;False;False;False;False;False;False;False;False;False;False;False;False;False;False;False;False;False;False;False
ulsenpecttsTSTOOB15.associatesys.local;Connections;;Linux;putty;;npecttsTSTOOB15.associatesys.local;Telnet;Default Settings;7006;False;True;IE;EncrBasic;NoAuth;;Colors16Bit;FitToWindow;True;False;False;False;False;True;False;False;False;False;DoNotPlay;False;;;;;;CompNone;EncHextile;AuthVNC;ProxyNone;;0;;;ColNormal;SmartSAspect;False;False;False;False;False;False;False;False;False;False;False;False;False;False;False;False;False;False;False;False;False;False;False;False;False;False;False;False;False;False;False;False;False;False;False;False;False;False;False;False;False;False;False;False;False;False
ulsegw-ct-1.associatesys.local;Connections;;Linux;putty;;ulsegw-ct-1.associatesys.local;SSH2;Default Settings;22;False;True;IE;EncrBasic;NoAuth;;Colors16Bit;FitToWindow;True;False;False;False;False;True;False;False;False;False;DoNotPlay;False;;;;;;CompNone;EncHextile;AuthVNC;ProxyNone;;0;;;ColNormal;SmartSAspect;False;False;False;False;False;False;False;False;False;False;False;False;False;False;False;False;False;False;False;False;False;False;False;False;False;False;False;False;False;False;False;False;False;False;False;False;False;False;False;False;False;False;False;False;False;False
New Connection;Connections;;mRemoteNG;General;;;RDP;Default Settings;3389;False;True;IE;EncrBasic;NoAuth;;Colors16Bit;FitToWindow;True;False;False;False;False;True;False;False;False;False;DoNotPlay;False;;;;;;CompNone;EncHextile;AuthVNC;ProxyNone;;0;;;ColNormal;SmartSAspect;False;False;False;False;False;False;False;False;False;False;False;False;False;False;False;False;False;False;False;False;False;False;False;False;False;False;False;False;False;False;False;False;False;False;False;False;False;False;False;False;False;False;False;False;False;False
ulsegw-ct-1.associatesys.local;Connections;;Linux;putty;;ulsegw-ct-1.associatesys.local;SSH2;Default Settings;22;False;True;IE;EncrBasic;NoAuth;;Colors16Bit;FitToWindow;True;False;False;False;False;True;False;False;False;False;DoNotPlay;False;;;;;;CompNone;EncHextile;AuthVNC;ProxyNone;;0;;;ColNormal;SmartSAspect;False;False;False;False;False;False;False;False;False;False;False;False;False;False;False;False;False;False;False;False;False;False;False;False;False;False;False;False;False;False;False;False;False;False;False;False;False;False;False;False;False;False;False;False;False;False
ulsegw-ct-2.associatesys.local;Connections;;Linux;putty;;ulsegw-ct-2.associatesys.local;SSH2;Default Settings;22;False;True;IE;EncrBasic;NoAuth;;Colors16Bit;FitToWindow;True;False;False;False;False;True;False;False;False;False;DoNotPlay;False;;;;;;CompNone;EncHextile;AuthVNC;ProxyNone;;0;;;ColNormal;SmartSAspect;False;False;False;False;False;False;False;False;False;False;False;False;False;False;False;False;False;False;False;False;False;False;False;False;False;False;False;False;False;False;False;False;False;False;False;False;False;False;False;False;False;False;False;False;False;False
prdjclsgwcf01.clientsys.local;Connections;;Linux;putty;;prdjclsgwcf01.clientsys.local;SSH2;Default Settings;22;False;True;IE;EncrBasic;NoAuth;;Colors16Bit;FitToWindow;True;False;False;False;False;True;False;False;False;False;DoNotPlay;False;;;;;;CompNone;EncHextile;AuthVNC;ProxyNone;;0;;;ColNormal;SmartSAspect;False;False;False;False;False;False;False;False;False;False;False;False;False;False;False;False;False;False;False;False;False;False;False;False;False;False;False;False;False;False;False;False;False;False;False;False;False;False;False;False;False;False;False;False;False;False
prdjcuxhrsapp01-console;Connections;;Linux;putty;;10.126.130.116;Telnet;Default Settings;7015;False;True;IE;EncrBasic;NoAuth;;Colors16Bit;FitToWindow;True;False;False;False;False;True;False;False;False;False;DoNotPlay;False;;;;;;CompNone;EncHextile;AuthVNC;ProxyNone;;0;;;ColNormal;SmartSAspect;False;False;False;False;False;False;False;False;False;False;False;False;False;False;False;False;False;False;False;False;False;False;False;False;False;False;False;False;False;False;False;False;False;False;False;False;False;False;False;False;False;False;False;False;False;False
prdtxlvulsegw05.associatesys.local;Connections;;PuTTY;General;;rp;SSH2;Default Settings;22;False;True;IE;EncrBasic;NoAuth;;Colors16Bit;FitToWindow;True;False;False;False;False;True;False;False;False;False;DoNotPlay;False;;;;;;CompNone;EncHextile;AuthVNC;ProxyNone;;0;;;ColNormal;SmartSAspect;False;False;False;False;False;False;False;False;False;False;False;False;False;False;False;False;False;False;False;False;False;False;False;False;False;False;False;False;False;False;False;False;False;False;False;False;False;False;False;False;False;False;False;False;False;False
New Connection;Connections;;mRemoteNG;General;;;RDP;Default Settings;3389;False;True;IE;EncrBasic;NoAuth;;Colors16Bit;FitToWindow;True;False;False;False;False;True;False;False;False;False;DoNotPlay;False;;;;;;CompNone;EncHextile;AuthVNC;ProxyNone;;0;;;ColNormal;SmartSAspect;False;False;False;False;False;False;False;False;False;False;False;False;False;False;False;False;False;False;False;False;False;False;False;False;False;False;False;False;False;False;False;False;False;False;False;False;False;False;False;False;False;False;False;False;False;False
New Connection;Connections;;mRemoteNG;General;;;RDP;Default Settings;3389;False;True;IE;EncrBasic;NoAuth;;Colors16Bit;FitToWindow;True;False;False;False;False;True;False;False;False;False;DoNotPlay;False;;;;;;CompNone;EncHextile;AuthVNC;ProxyNone;;0;;;ColNormal;SmartSAspect;False;False;False;False;False;False;False;False;False;False;False;False;False;False;False;False;False;False;False;False;False;False;False;False;False;False;False;False;False;False;False;False;False;False;False;False;False;False;False;False;False;False;False;False;False;False
prdtxlvulsegw05.associatesys.local;;;mRemoteNG;General;;prdtxlvulsegw05.associatesys.local;SSH2;Default Settings;22;False;True;IE;EncrBasic;NoAuth;;Colors16Bit;FitToWindow;True;False;False;False;False;True;False;False;False;False;DoNotPlay;False;;;;;;CompNone;EncHextile;AuthVNC;ProxyNone;;0;;;ColNormal;SmartSAspect;False;False;False;False;False;False;False;False;False;False;False;False;False;False;False;False;False;False;False;False;False;False;False;False;False;False;False;False;False;False;False;False;False;False;False;False;False;False;False;False;False;False;False;False;False;False
New Connection;;;mRemoteNG;General;;;RDP;Default Settings;3389;False;True;IE;EncrBasic;NoAuth;;Colors16Bit;FitToWindow;True;False;False;False;False;True;False;False;False;False;DoNotPlay;False;;;;;;CompNone;EncHextile;AuthVNC;ProxyNone;;0;;;ColNormal;SmartSAspect;False;False;False;False;False;False;False;False;False;False;False;False;False;False;False;False;False;False;False;False;False;False;False;False;False;False;False;False;False;False;False;False;False;False;False;False;False;False;False;False;False;False;False;False;False;False
New Connection;;;mRemoteNG;General;;;RDP;Default Settings;3389;False;True;IE;EncrBasic;NoAuth;;Colors16Bit;FitToWindow;True;False;False;False;False;True;False;False;False;False;DoNotPlay;False;;;;;;CompNone;EncHextile;AuthVNC;ProxyNone;;0;;;ColNormal;SmartSAspect;False;False;False;False;False;False;False;False;False;False;False;False;False;False;False;False;False;False;False;False;False;False;False;False;False;False;False;False;False;False;False;False;False;False;False;False;False;False;False;False;False;False;False;False;False;False
New Connection;;;mRemoteNG;General;;;RDP;Default Settings;3389;False;True;IE;EncrBasic;NoAuth;;Colors16Bit;FitToWindow;True;False;False;False;False;True;False;False;False;False;DoNotPlay;False;;;;;;CompNone;EncHextile;AuthVNC;ProxyNone;;0;;;ColNormal;SmartSAspect;False;False;False;False;False;False;False;False;False;False;False;False;False;False;False;False;False;False;False;False;False;False;False;False;False;False;False;False;False;False;False;False;False;False;False;False;False;False;False;False;False;False;False;False;False;False
New Connection;;;mRemoteNG;General;;;RDP;Default Settings;3389;False;True;IE;EncrBasic;NoAuth;;Colors16Bit;FitToWindow;True;False;False;False;False;True;False;False;False;False;DoNotPlay;False;;;;;;CompNone;EncHextile;AuthVNC;ProxyNone;;0;;;ColNormal;SmartSAspect;False;False;False;False;False;False;False;False;False;False;False;False;False;False;False;False;False;False;False;False;False;False;False;False;False;False;False;False;False;False;False;False;False;False;False;False;False;False;False;False;False;False;False;False;False;False
New Connection;;;mRemoteNG;General;;;RDP;Default Settings;3389;False;True;IE;EncrBasic;NoAuth;;Colors16Bit;FitToWindow;True;False;False;False;False;True;False;False;False;False;DoNotPlay;False;;;;;;CompNone;EncHextile;AuthVNC;ProxyNone;;0;;;ColNormal;SmartSAspect;False;False;False;False;False;False;False;False;False;False;False;False;False;False;False;False;False;False;False;False;False;False;False;False;False;False;False;False;False;False;False;False;False;False;False;False;False;False;False;False;False;False;False;False;False;False
New Connection;;;mRemoteNG;General;;;RDP;Default Settings;3389;False;True;IE;EncrBasic;NoAuth;;Colors16Bit;FitToWindow;True;False;False;False;False;True;False;False;False;False;DoNotPlay;False;;;;;;CompNone;EncHextile;AuthVNC;ProxyNone;;0;;;ColNormal;SmartSAspect;False;False;False;False;False;False;False;False;False;False;False;False;False;False;False;False;False;False;False;False;False;False;False;False;False;False;False;False;False;False;False;False;False;False;False;False;False;False;False;False;False;False;False;False;False;False
New Connection;;;mRemoteNG;General;;;RDP;Default Settings;3389;False;True;IE;EncrBasic;NoAuth;;Colors16Bit;FitToWindow;True;False;False;False;False;True;False;False;False;False;DoNotPlay;False;;;;;;CompNone;EncHextile;AuthVNC;ProxyNone;;0;;;ColNormal;SmartSAspect;False;False;False;False;False;False;False;False;False;False;False;False;False;False;False;False;False;False;False;False;False;False;False;False;False;False;False;False;False;False;False;False;False;False;False;False;False;False;False;False;False;False;False;False;False;False